file_id,age
image_0.jpg,59.698855934156036
image_1.jpg,46.3003230564827
image_10.jpg,35.18889881379307
image_100.jpg,53.91238483185447
image_1000.jpg,17.585215010016334
image_1001.jpg,26.910143926122288
image_1002.jpg,72.73996022939913
image_1003.jpg,44.51698038187963
image_1004.jpg,45.18589993909248
image_1005.jpg,62.945748826901486
image_1006.jpg,37.5083269995339
image_1007.jpg,64.95386947134885
image_1008.jpg,69.14814473829112
image_1009.jpg,35.74238814751266
image_101.jpg,53.92400409243729
image_1010.jpg,47.34790112790424
image_1011.jpg,6.690462331158436
image_1012.jpg,79.79722459668106
image_1013.jpg,73.408319546704
image_1014.jpg,56.792641273873066
image_1015.jpg,28.526187063089925
image_1016.jpg,58.82082174607612
image_1017.jpg,45.705416691359055
image_1018.jpg,31.469504453363154
image_1019.jpg,37.28333795896066
image_102.jpg,33.1997110160513
image_1020.jpg,36.48183312161822
image_1021.jpg,9.928709618080683
image_1022.jpg,2.3548905464935266
image_1023.jpg,26.094242139583155
image_1024.jpg,33.480890991954645
image_1025.jpg,59.08017746911167
image_1026.jpg,11.127580681184485
image_1027.jpg,3.287088867137553
image_1028.jpg,28.202437248895375
image_1029.jpg,24.695820836650416
image_103.jpg,25.779311885422104
image_1030.jpg,61.362371703033
image_1031.jpg,1.7497387712289647
image_1032.jpg,54.37249562817203
image_1033.jpg,33.10031873585118
image_1034.jpg,28.129734355806885
image_1035.jpg,49.2433133055859
image_1036.jpg,66.10540619703164
image_1037.jpg,22.934035315397455
image_1038.jpg,44.32960844225692
image_1039.jpg,22.28495528116801
image_104.jpg,13.917900651751781
image_1040.jpg,10.06814941530115
image_1041.jpg,47.39954490679769
image_1042.jpg,35.45944544301597
image_1043.jpg,58.046085404276994
image_1044.jpg,41.71414430368627
image_1045.jpg,50.051370780605986
image_1046.jpg,28.79366830717818
image_1047.jpg,39.8653611954004
image_1048.jpg,65.03294192032986
image_1049.jpg,1.4914442750138026
image_105.jpg,25.694527446676847
image_1050.jpg,49.9779297923338
image_1051.jpg,69.57516557573672
image_1052.jpg,23.667398913336523
image_1053.jpg,67.96927008912633
image_1054.jpg,72.55576079962943
image_1055.jpg,76.43152413995885
image_1056.jpg,27.747882955325604
image_1057.jpg,23.132950834594165
image_1058.jpg,30.690730656888665
image_1059.jpg,8.481800161266305
image_106.jpg,57.94795129543451
image_1060.jpg,63.04107847420985
image_1061.jpg,36.13423009362166
image_1062.jpg,44.71336785525287
image_1063.jpg,71.13835158901007
image_1064.jpg,17.211111993257628
image_1065.jpg,58.97868212069474
image_1066.jpg,22.20031650034598
image_1067.jpg,63.07758546214108
image_1068.jpg,61.35083479980717
image_1069.jpg,52.09870411572916
image_107.jpg,44.564135010041106
image_1070.jpg,76.02813927730166
image_1071.jpg,61.70888967393906
image_1072.jpg,15.970940353017655
image_1073.jpg,1.6098167594509125
image_1074.jpg,33.47164486777377
image_1075.jpg,65.40811022615542
image_1076.jpg,57.32997926968931
image_1077.jpg,18.28212104929174
image_1078.jpg,16.9163365174165
image_1079.jpg,70.3973880082388
image_108.jpg,37.96260524006342
image_1080.jpg,23.903980991707304
image_1081.jpg,28.06858875355397
image_1082.jpg,19.85707900558865
image_1083.jpg,22.83715761077364
image_1084.jpg,55.94824757798667
image_1085.jpg,50.975434263996874
image_1086.jpg,51.92948384474448
image_1087.jpg,70.81839739289245
image_1088.jpg,50.468796819704316
image_1089.jpg,30.78984512583449
image_109.jpg,30.679453476242614
image_1090.jpg,18.547790190441535
image_1091.jpg,32.29101186013819
image_1092.jpg,45.026419667585174
image_1093.jpg,36.35745996048498
image_1094.jpg,52.41165923006088
image_1095.jpg,43.71933272990156
image_1096.jpg,11.948850994665845
image_1097.jpg,22.317091816380245
image_1098.jpg,18.2242392925756
image_1099.jpg,49.4748609602081
image_11.jpg,33.468737698561135
image_110.jpg,5.008585788010568
image_1100.jpg,55.95500032247338
image_1101.jpg,2.415077797351877
image_1102.jpg,54.55252432517822
image_1103.jpg,24.381251244210006
image_1104.jpg,31.955552387180024
image_1105.jpg,24.75071818676754
image_1106.jpg,27.94344745702249
image_1107.jpg,14.178877029223782
image_1108.jpg,57.30678569973421
image_1109.jpg,34.304437453634655
image_111.jpg,8.913882660335366
image_1110.jpg,35.87895991626437
image_1111.jpg,56.96015131347392
image_1112.jpg,55.5279792912499
image_1113.jpg,49.57033148446262
image_1114.jpg,25.947806631109476
image_1115.jpg,48.699517518854385
image_1116.jpg,63.940553075632636
image_1117.jpg,27.829315027996262
image_1118.jpg,33.56116841698225
image_1119.jpg,19.57129234669038
image_112.jpg,27.788946278949208
image_1120.jpg,54.644968042474034
image_1121.jpg,33.4838448097727
image_1122.jpg,65.55285190428468
image_1123.jpg,72.69673679974379
image_1124.jpg,15.943680170142462
image_1125.jpg,44.76661668170586
image_1126.jpg,58.59605923980255
image_1127.jpg,76.64452406109979
image_1128.jpg,36.362623895771144
image_1129.jpg,65.86449481950422
image_113.jpg,18.05445365454511
image_1130.jpg,50.25321066128269
image_1131.jpg,26.545673140465894
image_1132.jpg,50.52180035787372
image_1133.jpg,3.129926871037931
image_1134.jpg,42.6804201105208
image_1135.jpg,28.847620081614348
image_1136.jpg,79.82118468144125
image_1137.jpg,26.02467290386498
image_1138.jpg,47.256327228020496
image_1139.jpg,25.5955455297816
image_114.jpg,28.00632115772349
image_1140.jpg,25.76291912041243
image_1141.jpg,34.825701591050084
image_1142.jpg,29.142610566149248
image_1143.jpg,63.293289631763166
image_1144.jpg,61.046801246763216
image_1145.jpg,48.09544433525059
image_1146.jpg,30.79388011496827
image_1147.jpg,25.605804066373565
image_1148.jpg,54.7862771792478
image_1149.jpg,64.11582083399257
image_115.jpg,19.90348362782498
image_1150.jpg,52.338618068610764
image_1151.jpg,26.2342550845654
image_1152.jpg,49.24357322011886
image_1153.jpg,30.294117750698685
image_1154.jpg,30.997718495053377
image_1155.jpg,3.537416879628831
image_1156.jpg,6.060720714140402
image_1157.jpg,45.70993487258966
image_1158.jpg,24.022901352701535
image_1159.jpg,1.6430830685528288
image_116.jpg,12.183000873033402
image_1160.jpg,36.9061123960436
image_1161.jpg,29.302690735804756
image_1162.jpg,9.67159179601257
image_1163.jpg,86.38723444230334
image_1164.jpg,50.800740814981054
image_1165.jpg,65.0091476062929
image_1166.jpg,51.58514448223175
image_1167.jpg,23.954165673360922
image_1168.jpg,10.187203769046166
image_1169.jpg,8.124351291999721
image_117.jpg,10.632325032748682
image_1170.jpg,5.623549373323894
image_1171.jpg,4.958408254745464
image_1172.jpg,42.58441757770441
image_1173.jpg,69.30630282855257
image_1174.jpg,58.46250842893691
image_1175.jpg,10.994311136858386
image_1176.jpg,80.73670520968678
image_1177.jpg,45.831903302661125
image_1178.jpg,5.994104457598001
image_1179.jpg,53.699374201433216
image_118.jpg,67.59718694257147
image_1180.jpg,37.257588293687434
image_1181.jpg,32.06114270962426
image_1182.jpg,27.740369508497952
image_1183.jpg,59.42731546820877
image_1184.jpg,43.99963161137191
image_1185.jpg,43.192955536464034
image_1186.jpg,47.22457549567873
image_1187.jpg,8.07203680545848
image_1188.jpg,12.646454462861806
image_1189.jpg,14.885628511135566
image_119.jpg,46.654881348054936
image_1190.jpg,60.063560814550804
image_1191.jpg,8.334802839356819
image_1192.jpg,48.38133835951885
image_1193.jpg,63.4376693930997
image_1194.jpg,26.557535994225617
image_1195.jpg,25.87389676536822
image_1196.jpg,9.602157156871458
image_1197.jpg,16.690575481885812
image_1198.jpg,12.71800227022512
image_1199.jpg,59.07643975688372
image_12.jpg,53.89288741115325
image_120.jpg,31.38871605604315
image_1200.jpg,72.29988191664555
image_1201.jpg,42.13261152474703
image_1202.jpg,29.8159670741818
image_1203.jpg,51.5014947445078
image_1204.jpg,37.230786646016
image_1205.jpg,2.9825274920179248
image_1206.jpg,60.2004499099196
image_1207.jpg,52.00228933485649
image_1208.jpg,47.68263691289176
image_1209.jpg,33.62846977420245
image_121.jpg,27.871520525497292
image_1210.jpg,24.434062420353886
image_1211.jpg,64.5468882308437
image_1212.jpg,69.06195633756317
image_1213.jpg,72.24394214865012
image_1214.jpg,39.81614299296016
image_1215.jpg,58.813879980493404
image_1216.jpg,11.267533669763774
image_1217.jpg,1.0699639155329734
image_1218.jpg,60.101363903892924
image_1219.jpg,58.29046830444353
image_122.jpg,32.42538122136403
image_1220.jpg,26.652439717507196
image_1221.jpg,60.47321218294427
image_1222.jpg,65.11197257433246
image_1223.jpg,79.03600368603058
image_1224.jpg,1.3675048824718938
image_1225.jpg,79.0773108742175
image_1226.jpg,28.295445503628965
image_1227.jpg,42.613632053604334
image_1228.jpg,66.70547872371029
image_1229.jpg,21.8931057696484
image_123.jpg,15.506771183805753
image_1230.jpg,11.930087036589077
image_1231.jpg,59.336589064459254
image_1232.jpg,37.98568249377591
image_1233.jpg,21.435883695855853
image_1234.jpg,28.44899491187027
image_1235.jpg,51.07049863506827
image_1236.jpg,46.34713365440059
image_1237.jpg,16.353841915195492
image_1238.jpg,7.471705674634208
image_1239.jpg,15.6046746309584
image_124.jpg,20.86327309687766
image_1240.jpg,26.350164276959443
image_1241.jpg,30.74924201869648
image_1242.jpg,61.47337497209157
image_1243.jpg,53.5495419024038
image_1244.jpg,25.78860991072771
image_1245.jpg,10.991196219590863
image_1246.jpg,27.564597302636386
image_1247.jpg,40.18207558337094
image_1248.jpg,39.904457857171565
image_1249.jpg,49.6754070766485
image_125.jpg,64.22780242817977
image_1250.jpg,5.327113559286443
image_1251.jpg,60.83825010778378
image_1252.jpg,45.92680342411678
image_1253.jpg,56.803045829331346
image_1254.jpg,38.181527516305145
image_1255.jpg,7.157769113005514
image_1256.jpg,50.39747368829321
image_1257.jpg,73.86938300285159
image_1258.jpg,46.62146491935216
image_1259.jpg,57.85876601140376
image_126.jpg,7.935885879795779
image_1260.jpg,63.18699242832745
image_1261.jpg,58.80099750434568
image_1262.jpg,3.3737225285582633
image_1263.jpg,34.95238931953196
image_1264.jpg,25.181747521303535
image_1265.jpg,47.077377121177875
image_1266.jpg,11.041671759905554
image_1267.jpg,52.72479150469227
image_1268.jpg,55.313606107959316
image_1269.jpg,36.054707871913195
image_127.jpg,25.411779507124646
image_1270.jpg,33.11106306548306
image_1271.jpg,46.22015183127596
image_1272.jpg,68.20564750124082
image_1273.jpg,51.25458658716493
image_1274.jpg,36.73820763562397
image_1275.jpg,35.29495988885531
image_1276.jpg,40.53424348990651
image_1277.jpg,51.49564944056048
image_1278.jpg,33.94011543406838
image_1279.jpg,29.6408856691636
image_128.jpg,12.746922760496625
image_1280.jpg,49.772121817956304
image_1281.jpg,86.66709748560481
image_1282.jpg,54.284716817669995
image_1283.jpg,60.984421346918104
image_1284.jpg,25.664680014943027
image_1285.jpg,72.6365317395864
image_1286.jpg,17.407898757419005
image_1287.jpg,13.285657849368675
image_1288.jpg,55.49326405869624
image_1289.jpg,62.85017820508216
image_129.jpg,32.505309220311574
image_1290.jpg,31.74169132399156
image_1291.jpg,51.373606512023294
image_1292.jpg,34.931338046522676
image_1293.jpg,23.102203430344858
image_1294.jpg,48.52176025514398
image_1295.jpg,53.87690181735429
image_1296.jpg,61.40348615062383
image_1297.jpg,25.673543741522533
image_1298.jpg,31.968625852570625
image_1299.jpg,51.98700543130136
image_13.jpg,58.290220648835316
image_130.jpg,9.115696877848867
image_1300.jpg,67.22401123898287
image_1301.jpg,24.30569025231689
image_1302.jpg,18.8529057729911
image_1303.jpg,32.3447431103192
image_1304.jpg,48.76408936642192
image_1305.jpg,52.16664547703885
image_1306.jpg,33.27327280658722
image_1307.jpg,2.398939331263622
image_1308.jpg,50.09806711786489
image_1309.jpg,47.982516157946314
image_131.jpg,56.97586340453933
image_1310.jpg,61.97033263842078
image_1311.jpg,48.48798933915659
image_1312.jpg,37.427844100779126
image_1313.jpg,63.60817282026909
image_1314.jpg,27.970012696773512
image_1315.jpg,37.40274258977457
image_1316.jpg,37.29531590021593
image_1317.jpg,37.74495423361955
image_1318.jpg,9.56979790030342
image_1319.jpg,37.37858515498272
image_132.jpg,50.882333223391775
image_1320.jpg,54.78811267110424
image_1321.jpg,61.78087360932565
image_1322.jpg,31.557505234367863
image_1323.jpg,14.132509012062515
image_1324.jpg,30.41877637309875
image_1325.jpg,7.502690469067798
image_1326.jpg,17.716150728839036
image_1327.jpg,63.42996393806431
image_1328.jpg,10.21686276389019
image_1329.jpg,26.562562323287242
image_133.jpg,51.02046333287384
image_1330.jpg,74.8166857426982
image_1331.jpg,33.49020450400443
image_1332.jpg,45.23608818400902
image_1333.jpg,63.99860978984933
image_1334.jpg,36.05382009173901
image_1335.jpg,53.277781554884804
image_1336.jpg,45.67257038776675
image_1337.jpg,46.983398253853785
image_1338.jpg,26.738970934403415
image_1339.jpg,4.053736270770618
image_134.jpg,25.516087478746076
image_1340.jpg,25.40280232580154
image_1341.jpg,57.82056166741358
image_1342.jpg,28.08696556575802
image_1343.jpg,40.94537197776642
image_1344.jpg,2.692704775134596
image_1345.jpg,57.27060219031724
image_1346.jpg,59.35313888824631
image_1347.jpg,29.474231210589313
image_1348.jpg,52.615536131266964
image_1349.jpg,48.78462511007575
image_135.jpg,9.027651146516826
image_1350.jpg,64.01571995194185
image_1351.jpg,42.717256979166486
image_1352.jpg,59.37666265624808
image_1353.jpg,36.41050740587889
image_1354.jpg,45.221549428074525
image_1355.jpg,38.42964463202778
image_1356.jpg,3.118279012800374
image_1357.jpg,26.427736139228127
image_1358.jpg,53.66400423722515
image_1359.jpg,3.030963202972347
image_136.jpg,24.06445641301588
image_1360.jpg,21.497815772118756
image_1361.jpg,17.094097642156942
image_1362.jpg,45.34480408801361
image_1363.jpg,11.741119143090641
image_1364.jpg,54.73574417875876
image_1365.jpg,54.17239870703895
image_1366.jpg,40.66848064812647
image_1367.jpg,39.83816333427549
image_1368.jpg,71.41168352093463
image_1369.jpg,28.13554680400667
image_137.jpg,28.6142885672726
image_1370.jpg,26.23838335578583
image_1371.jpg,47.46152003402785
image_1372.jpg,32.426686849843385
image_1373.jpg,50.61909689234619
image_1374.jpg,24.929522989278478
image_1375.jpg,56.53955792057439
image_1376.jpg,8.379683577556582
image_1377.jpg,8.177498922927937
image_1378.jpg,56.78601728948927
image_1379.jpg,2.193380824905328
image_138.jpg,34.94896821264139
image_1380.jpg,68.35650706574037
image_1381.jpg,4.519813171621419
image_1382.jpg,74.56309895388638
image_1383.jpg,68.35620103357807
image_1384.jpg,65.09045739534828
image_1385.jpg,67.06407661543656
image_1386.jpg,82.0848497354703
image_1387.jpg,5.264189897529408
image_1388.jpg,49.1166011682084
image_1389.jpg,46.33341052753553
image_139.jpg,16.6428743120449
image_1390.jpg,10.43464061101002
image_1391.jpg,23.144844291227155
image_1392.jpg,42.01416591534147
image_1393.jpg,9.800888367482289
image_1394.jpg,2.55089587919826
image_1395.jpg,9.72875518250764
image_1396.jpg,47.66921498058931
image_1397.jpg,30.069688016369625
image_1398.jpg,62.51008848072306
image_1399.jpg,10.138602762568695
image_14.jpg,53.10377049446013
image_140.jpg,11.174921111229784
image_1400.jpg,65.49214385754352
image_1401.jpg,50.762777827181004
image_1402.jpg,70.4459917348612
image_1403.jpg,31.822249814096836
image_1404.jpg,28.487360460233802
image_1405.jpg,23.66643199973923
image_1406.jpg,56.0743834564
image_1407.jpg,29.410821289178088
image_1408.jpg,40.967957371603156
image_1409.jpg,2.6619704307513508
image_141.jpg,57.18793231377125
image_1410.jpg,8.350860347358243
image_1411.jpg,1.827158322928187
image_1412.jpg,52.56868917332105
image_1413.jpg,15.40553801715601
image_1414.jpg,38.27110397310282
image_1415.jpg,15.931068543087738
image_1416.jpg,44.08340957614215
image_1417.jpg,46.986210181746436
image_1418.jpg,27.170097939858
image_1419.jpg,13.50384898159332
image_142.jpg,1.7181901215762494
image_1420.jpg,31.035491634368114
image_1421.jpg,49.95709796586521
image_1422.jpg,75.23506858762774
image_1423.jpg,37.039134224134095
image_1424.jpg,32.53398569999377
image_1425.jpg,5.0001565842654045
image_1426.jpg,10.36589279824426
image_1427.jpg,52.69141405967276
image_1428.jpg,10.929479294564302
image_1429.jpg,7.683506876392632
image_143.jpg,19.301884743327946
image_1430.jpg,23.241585946065367
image_1431.jpg,7.389541746115633
image_1432.jpg,8.468712993991153
image_1433.jpg,35.65293273723817
image_1434.jpg,10.596358694891833
image_1435.jpg,40.240151161224844
image_1436.jpg,38.1270410516194
image_1437.jpg,56.24012167552508
image_1438.jpg,34.931980121546665
image_1439.jpg,42.80020688103857
image_144.jpg,13.604611884198755
image_1440.jpg,44.13018739433136
image_1441.jpg,49.78607783374756
image_1442.jpg,8.094505469701799
image_1443.jpg,32.52666812292293
image_1444.jpg,1.2958819239681247
image_1445.jpg,28.86270809346057
image_1446.jpg,64.01163685048799
image_1447.jpg,4.852301852405074
image_1448.jpg,49.43333011329409
image_1449.jpg,30.935115576356804
image_145.jpg,9.917372478093732
image_1450.jpg,1.2988543821616834
image_1451.jpg,26.792559993441248
image_1452.jpg,34.051000267434915
image_1453.jpg,41.62991548279059
image_1454.jpg,26.292669661612052
image_1455.jpg,61.928052447836194
image_1456.jpg,44.52208832676468
image_1457.jpg,69.61548185759592
image_1458.jpg,21.054173715201582
image_1459.jpg,48.7093399047972
image_146.jpg,59.52191469596499
image_1460.jpg,43.85462133023691
image_1461.jpg,72.99414956085246
image_1462.jpg,42.096834900193194
image_1463.jpg,3.875697067143117
image_1464.jpg,29.685204104055988
image_1465.jpg,64.73817707523324
image_1466.jpg,12.70178318764637
image_1467.jpg,32.459031934666875
image_1468.jpg,31.10211440341102
image_1469.jpg,26.135835362687242
image_147.jpg,23.63713651853573
image_1470.jpg,30.514948662265567
image_1471.jpg,44.44874961461065
image_1472.jpg,64.06053112125687
image_1473.jpg,30.524998395404243
image_1474.jpg,25.666542101235056
image_1475.jpg,69.53830522075087
image_1476.jpg,76.5022846642877
image_1477.jpg,74.3418475138695
image_1478.jpg,55.317525210656946
image_1479.jpg,34.936534515593685
image_148.jpg,31.72009195958339
image_1480.jpg,32.813124008422
image_1481.jpg,10.53444115256106
image_1482.jpg,10.126196307638999
image_1483.jpg,47.216982451772445
image_1484.jpg,31.71498290679502
image_1485.jpg,75.70066439434522
image_1486.jpg,49.36599359112322
image_1487.jpg,32.72905377415801
image_1488.jpg,67.02288431440041
image_1489.jpg,25.635424511960668
image_149.jpg,52.753668208099306
image_1490.jpg,17.127646631945137
image_1491.jpg,24.571524590238255
image_1492.jpg,27.488413695413726
image_1493.jpg,16.7645739668362
image_1494.jpg,42.228753992559064
image_1495.jpg,76.75898459421349
image_1496.jpg,23.727514161684883
image_1497.jpg,54.236982440575396
image_1498.jpg,32.740891233412604
image_1499.jpg,27.851449094862872
image_15.jpg,38.859307520828004
image_150.jpg,7.079500258516141
image_1500.jpg,41.23279670323486
image_1501.jpg,47.94827265018478
image_1502.jpg,37.777220607417725
image_1503.jpg,9.065604357096104
image_1504.jpg,64.44879498648767
image_1505.jpg,67.4622642922224
image_1506.jpg,75.25749560396112
image_1507.jpg,50.40709523321093
image_1508.jpg,55.446169559432384
image_1509.jpg,60.05504946643371
image_151.jpg,71.52298021518014
image_1510.jpg,38.50566856175427
image_1511.jpg,66.76485820332103
image_1512.jpg,39.53486623786825
image_1513.jpg,46.66573177947459
image_1514.jpg,35.966305176348285
image_1515.jpg,35.20299378715233
image_1516.jpg,48.8403780693773
image_1517.jpg,30.257815679403155
image_1518.jpg,37.66453547053961
image_1519.jpg,17.819636253791757
image_152.jpg,1.182153487225823
image_1520.jpg,26.824514395393347
image_1521.jpg,15.38773808501025
image_1522.jpg,63.37526064189296
image_1523.jpg,27.610771944100165
image_1524.jpg,76.73914134249134
image_1525.jpg,43.043250782216425
image_1526.jpg,8.696383423148424
image_1527.jpg,44.345164159930754
image_1528.jpg,51.82880230811319
image_1529.jpg,27.386808143156127
image_153.jpg,24.0047277545096
image_1530.jpg,38.43417120883853
image_1531.jpg,45.04151097035836
image_1532.jpg,48.815204642167856
image_1533.jpg,39.08542589633339
image_1534.jpg,56.324678390952045
image_1535.jpg,23.761773952662328
image_1536.jpg,22.392705164776007
image_1537.jpg,62.46523311522046
image_1538.jpg,39.20610228508376
image_1539.jpg,58.2990865442001
image_154.jpg,84.38645400699058
image_1540.jpg,2.7287302979366763
image_1541.jpg,31.443855586989987
image_1542.jpg,76.815650912404
image_1543.jpg,61.325587483172974
image_1544.jpg,23.30026620957314
image_1545.jpg,64.7797294416104
image_1546.jpg,31.106258110439125
image_1547.jpg,22.787494865991984
image_1548.jpg,31.223833979201363
image_1549.jpg,57.06978016587982
image_155.jpg,10.156011180377085
image_1550.jpg,18.10450557138175
image_1551.jpg,2.2728013763340726
image_1552.jpg,57.386281505655866
image_1553.jpg,38.280675924572755
image_1554.jpg,36.031746612742005
image_1555.jpg,39.43926912571546
image_1556.jpg,21.0484427545188
image_1557.jpg,31.341701214087095
image_1558.jpg,34.84417820987395
image_1559.jpg,22.848976019676428
image_156.jpg,62.21192868303972
image_1560.jpg,62.941803598376374
image_1561.jpg,38.74692412351198
image_1562.jpg,69.80862012900849
image_1563.jpg,72.6981977447632
image_1564.jpg,44.11349279566368
image_1565.jpg,5.587201414628114
image_1566.jpg,48.36503220119613
image_1567.jpg,54.426346847287455
image_1568.jpg,17.081722264452278
image_1569.jpg,24.803072927952343
image_157.jpg,48.38744219412848
image_1570.jpg,10.458784727864701
image_1571.jpg,21.85194023020725
image_1572.jpg,44.71963962427494
image_1573.jpg,1.225174385610669
image_1574.jpg,33.77291796124003
image_1575.jpg,64.86204540898697
image_1576.jpg,26.819369036604332
image_1577.jpg,9.434910118142684
image_1578.jpg,49.99610129968452
image_1579.jpg,7.658844240144549
image_158.jpg,32.544443403908275
image_1580.jpg,3.272545691872755
image_1581.jpg,49.87088021179233
image_1582.jpg,66.45483707585667
image_1583.jpg,32.38858456303327
image_1584.jpg,4.115645169224211
image_1585.jpg,53.75299929932047
image_1586.jpg,70.30395596153073
image_1587.jpg,68.41063306427283
image_1588.jpg,23.871799029721345
image_1589.jpg,33.43276570429486
image_159.jpg,6.973151080856252
image_1590.jpg,41.1540299605969
image_1591.jpg,12.083768792550382
image_1592.jpg,14.299195878608153
image_1593.jpg,27.78745422021343
image_1594.jpg,31.057536808833515
image_1595.jpg,50.476717839151405
image_1596.jpg,21.715388518298326
image_1597.jpg,2.2064546742125892
image_1598.jpg,55.37161259422613
image_1599.jpg,60.75019673728951
image_16.jpg,57.95261110888247
image_160.jpg,7.243853798829733
image_1600.jpg,5.213090394895239
image_1601.jpg,15.511824935578977
image_1602.jpg,79.92071202343908
image_1603.jpg,71.59370451416882
image_1604.jpg,69.77220453143406
image_1605.jpg,56.534443876178784
image_1606.jpg,58.83424721708017
image_1607.jpg,1.9973401892871294
image_1608.jpg,26.967707576518297
image_1609.jpg,57.48226451854767
image_161.jpg,28.388388979384107
image_1610.jpg,75.39458818421592
image_1611.jpg,58.07981168415231
image_1612.jpg,72.2882866140614
image_1613.jpg,14.229591023052919
image_1614.jpg,56.591908663657044
image_1615.jpg,47.465751034692154
image_1616.jpg,15.236922989256435
image_1617.jpg,68.24558776482424
image_1618.jpg,38.28991837210854
image_1619.jpg,37.38084703851164
image_162.jpg,12.74658287088325
image_1620.jpg,62.097767220110825
image_1621.jpg,34.242877061340714
image_1622.jpg,72.18864738064222
image_1623.jpg,34.63916298210568
image_1624.jpg,55.47503542389756
image_1625.jpg,24.88608141167204
image_1626.jpg,44.663269322495864
image_1627.jpg,62.410674769529635
image_1628.jpg,42.38557689518316
image_1629.jpg,13.411604156543737
image_163.jpg,47.812294585692435
image_1630.jpg,2.2687475464037
image_1631.jpg,63.55349855291706
image_1632.jpg,74.86805739129045
image_1633.jpg,70.36605351570351
image_1634.jpg,45.75653212957649
image_1635.jpg,28.692846378503713
image_1636.jpg,62.36126695936445
image_1637.jpg,3.62899854578067
image_1638.jpg,21.847653388337516
image_1639.jpg,27.800047583012358
image_164.jpg,12.207556918511273
image_1640.jpg,26.952922420916256
image_1641.jpg,26.692497253727552
image_1642.jpg,9.436960695239472
image_1643.jpg,12.875176607874002
image_1644.jpg,60.91349543450546
image_1645.jpg,60.76050537821897
image_1646.jpg,11.25849391633057
image_1647.jpg,30.733131113331343
image_1648.jpg,75.61207899332925
image_1649.jpg,53.91715358372377
image_165.jpg,66.84883237223845
image_1650.jpg,11.235840310473284
image_1651.jpg,57.1027804146806
image_1652.jpg,8.353128615454622
image_1653.jpg,30.221774245198286
image_1654.jpg,27.96866645788121
image_1655.jpg,19.273507366266372
image_1656.jpg,22.4136496918215
image_1657.jpg,13.929518096616468
image_1658.jpg,62.32172026654214
image_1659.jpg,72.19486695025036
image_166.jpg,59.33655382757539
image_1660.jpg,46.355700215017976
image_1661.jpg,3.044637972975433
image_1662.jpg,37.001860349673336
image_1663.jpg,59.56666466815302
image_1664.jpg,8.808853126754572
image_1665.jpg,53.01340036831157
image_1666.jpg,38.039933682797574
image_1667.jpg,68.0888313784928
image_1668.jpg,47.01002310095229
image_1669.jpg,53.792986120407
image_167.jpg,38.25645447700766
image_1670.jpg,56.286248169010456
image_1671.jpg,8.857815316780616
image_1672.jpg,46.56609857613941
image_1673.jpg,4.244821591517784
image_1674.jpg,53.10118842978051
image_1675.jpg,53.45951190488302
image_1676.jpg,54.98094387530249
image_1677.jpg,51.447610151572206
image_1678.jpg,29.30634145535616
image_1679.jpg,46.60752930494993
image_168.jpg,52.226774980373506
image_1680.jpg,28.916547093575772
image_1681.jpg,37.75228540805275
image_1682.jpg,45.182600942635624
image_1683.jpg,22.981136973489743
image_1684.jpg,8.657194141488814
image_1685.jpg,1.8248146088424875
image_1686.jpg,2.554356991282487
image_1687.jpg,47.519946494560166
image_1688.jpg,5.205338239661782
image_1689.jpg,27.532192336295214
image_169.jpg,9.031777589118517
image_1690.jpg,58.9014087150346
image_1691.jpg,38.70479912500469
image_1692.jpg,29.881745900207147
image_1693.jpg,19.024239772368684
image_1694.jpg,20.781606249661532
image_1695.jpg,28.130074405568383
image_1696.jpg,29.24767489539707
image_1697.jpg,66.11739789414418
image_1698.jpg,41.804259514068924
image_1699.jpg,69.1401740514923
image_17.jpg,86.39918029593711
image_170.jpg,37.19438271117745
image_1700.jpg,60.92383196721497
image_1701.jpg,60.288802715818406
image_1702.jpg,40.819133879203996
image_1703.jpg,46.58996819191657
image_1704.jpg,28.828775193214977
image_1705.jpg,31.071908942004644
image_1706.jpg,71.36292175608514
image_1707.jpg,4.499993442379318
image_1708.jpg,1.2630204900985855
image_1709.jpg,54.62619396120373
image_171.jpg,66.78939814253253
image_1710.jpg,25.119298764103508
image_1711.jpg,61.12893597826619
image_1712.jpg,46.494829591092746
image_1713.jpg,69.96624877349839
image_1714.jpg,25.56369206231641
image_1715.jpg,40.54156988066831
image_1716.jpg,9.252114121672038
image_1717.jpg,12.73947308171376
image_1718.jpg,21.80219424737649
image_1719.jpg,76.24729764592831
image_172.jpg,67.35116498569876
image_1720.jpg,55.819411389896025
image_1721.jpg,50.12647352771801
image_1722.jpg,12.503286618663582
image_1723.jpg,3.058106769548831
image_1724.jpg,28.34248678645723
image_1725.jpg,8.0481899542855
image_1726.jpg,62.7076607350973
image_1727.jpg,73.93970934020884
image_1728.jpg,4.29845168710258
image_1729.jpg,62.96738930145538
image_173.jpg,26.00525733458808
image_1730.jpg,10.062076286286931
image_1731.jpg,11.888505029640312
image_1732.jpg,60.45588323145106
image_1733.jpg,31.177781311785953
image_1734.jpg,38.67952849125498
image_1735.jpg,30.24445088233035
image_1736.jpg,55.1756236911716
image_1737.jpg,5.136888684814653
image_1738.jpg,57.429602147957674
image_1739.jpg,32.149651144478504
image_174.jpg,14.645811260666669
image_1740.jpg,48.72873089047547
image_1741.jpg,14.731358444542721
image_1742.jpg,69.53520033311571
image_1743.jpg,3.636009161946125
image_1744.jpg,34.315107340707776
image_1745.jpg,46.811518864535934
image_1746.jpg,5.705475790261086
image_1747.jpg,27.57497938876939
image_1748.jpg,39.45047050168595
image_1749.jpg,6.772409040600053
image_175.jpg,27.247510990487385
image_1750.jpg,60.8548311217456
image_1751.jpg,10.103128149324773
image_1752.jpg,9.526172896721766
image_1753.jpg,45.03143323441657
image_1754.jpg,49.84689134068508
image_1755.jpg,69.05612103085238
image_1756.jpg,51.23519850355313
image_1757.jpg,53.52847440706743
image_1758.jpg,46.04041523557415
image_1759.jpg,66.81575917854826
image_176.jpg,27.028472349077447
image_1760.jpg,74.84790576712031
image_1761.jpg,37.51185637507577
image_1762.jpg,28.600388955472326
image_1763.jpg,11.84080465977572
image_1764.jpg,25.230757563164804
image_1765.jpg,21.59870991538951
image_1766.jpg,62.52096453810345
image_1767.jpg,61.52916474979133
image_1768.jpg,54.65718550219477
image_1769.jpg,77.71905518360289
image_177.jpg,30.66854405273131
image_1770.jpg,72.35422034734411
image_1771.jpg,27.433256520244253
image_1772.jpg,24.821519838067683
image_1773.jpg,57.11405074259377
image_1774.jpg,71.71199528270276
image_1775.jpg,77.46842054893476
image_1776.jpg,3.3564198644348813
image_1777.jpg,1.0480106222966559
image_1778.jpg,51.81515244190223
image_1779.jpg,58.90083991560956
image_178.jpg,50.68746613150477
image_1780.jpg,9.473885273690188
image_1781.jpg,20.45824341844205
image_1782.jpg,23.588921943807478
image_1783.jpg,59.12579507990657
image_1784.jpg,54.477214004503345
image_1785.jpg,5.060014460349706
image_1786.jpg,1.2437303508072854
image_1787.jpg,57.60854077010949
image_1788.jpg,23.61263921313987
image_1789.jpg,68.29541795715677
image_179.jpg,50.786907999218094
image_1790.jpg,58.5301169949315
image_1791.jpg,72.07390518692215
image_1792.jpg,64.18842628775018
image_1793.jpg,6.968910721096286
image_1794.jpg,73.96253380692758
image_1795.jpg,13.468889322209444
image_1796.jpg,46.93936809253569
image_1797.jpg,24.447614410529344
image_1798.jpg,30.002564882036282
image_1799.jpg,27.028613656107087
image_18.jpg,34.67020418792729
image_180.jpg,27.195214769021135
image_1800.jpg,39.59112302103492
image_1801.jpg,57.44698637532298
image_1802.jpg,33.1203936539173
image_1803.jpg,70.59924343843078
image_1804.jpg,43.53760033409097
image_1805.jpg,61.21024513405482
image_1806.jpg,67.49703703022001
image_1807.jpg,3.580647187346441
image_1808.jpg,14.45258796026448
image_1809.jpg,87.32595091586522
image_181.jpg,84.39392186255348
image_1810.jpg,30.72917460081041
image_1811.jpg,33.243202077696765
image_1812.jpg,67.8934207981166
image_1813.jpg,13.989107028922499
image_1814.jpg,23.704949847094415
image_1815.jpg,7.861864979769763
image_1816.jpg,32.993021681698806
image_1817.jpg,38.483760101476655
image_1818.jpg,11.240690610609347
image_1819.jpg,70.70714790670657
image_182.jpg,52.680093119775215
image_1820.jpg,61.73765421063971
image_1821.jpg,59.40702180768549
image_1822.jpg,67.37401924405219
image_1823.jpg,69.69182776177043
image_1824.jpg,11.29585630522452
image_1825.jpg,53.835250197951005
image_1826.jpg,19.99160912790283
image_1827.jpg,4.986948717391513
image_1828.jpg,66.7246681936614
image_1829.jpg,32.1564896695783
image_183.jpg,52.66905499075423
image_1830.jpg,15.37866298390115
image_1831.jpg,17.428057347383955
image_1832.jpg,66.60710545162732
image_1833.jpg,64.31578396836748
image_1834.jpg,44.48515841145085
image_1835.jpg,31.42932398594327
image_1836.jpg,25.188794506114785
image_1837.jpg,22.71838548360982
image_1838.jpg,65.69892411727317
image_1839.jpg,35.28158152173705
image_184.jpg,70.98316912531077
image_1840.jpg,69.11278263297741
image_1841.jpg,3.0827282141771732
image_1842.jpg,32.70900905214173
image_1843.jpg,8.7045486619175
image_1844.jpg,49.77802784884156
image_1845.jpg,36.06082134290195
image_1846.jpg,62.72003393707854
image_1847.jpg,58.033678148902474
image_1848.jpg,39.26395868222675
image_1849.jpg,65.01240049594732
image_185.jpg,1.6517707284345704
image_1850.jpg,62.721154052968494
image_1851.jpg,19.12483088752204
image_1852.jpg,35.175778577327534
image_1853.jpg,26.68080455320714
image_1854.jpg,66.08103504246462
image_1855.jpg,15.77931157910355
image_1856.jpg,59.791739637020385
image_1857.jpg,12.583924296698953
image_1858.jpg,32.81774115431232
image_1859.jpg,60.96014337134534
image_186.jpg,31.324712378283703
image_1860.jpg,35.97179306922534
image_1861.jpg,71.96922909851956
image_1862.jpg,54.00955846718205
image_1863.jpg,39.237935389886324
image_1864.jpg,46.16215155384794
image_1865.jpg,27.13496303448139
image_1866.jpg,60.69732410828808
image_1867.jpg,23.61654264107685
image_1868.jpg,43.26164660759188
image_1869.jpg,5.8203681598727215
image_187.jpg,36.522551257376286
image_1870.jpg,35.115332946189525
image_1871.jpg,55.694138177745664
image_1872.jpg,53.088380171188675
image_1873.jpg,31.97066123448454
image_1874.jpg,42.78954532801847
image_1875.jpg,51.80019681538468
image_1876.jpg,24.125644277250853
image_1877.jpg,38.28505213782378
image_1878.jpg,64.90532578923255
image_1879.jpg,16.767935706671967
image_188.jpg,57.240647360166626
image_1880.jpg,23.028181153631092
image_1881.jpg,5.882587162299733
image_1882.jpg,52.731740644853865
image_1883.jpg,61.363158065988415
image_1884.jpg,29.48192032558202
image_1885.jpg,56.66685524022719
image_1886.jpg,65.8086479879451
image_1887.jpg,66.07362477243117
image_1888.jpg,69.79066034031534
image_1889.jpg,66.2604290106206
image_189.jpg,65.26288511896108
image_1890.jpg,32.276985054060496
image_1891.jpg,2.15938920658756
image_1892.jpg,8.59045941114753
image_1893.jpg,67.44969300673408
image_1894.jpg,52.30558665786783
image_1895.jpg,1.3605634930266344
image_1896.jpg,72.13761303409625
image_1897.jpg,62.99325553815874
image_1898.jpg,56.698542488666625
image_1899.jpg,24.91666439815339
image_19.jpg,10.213352294749404
image_190.jpg,31.19963775095739
image_1900.jpg,67.51273645644493
image_1901.jpg,30.056620143098694
image_1902.jpg,60.25362556417091
image_1903.jpg,31.030730980262817
image_1904.jpg,26.257816626748365
image_1905.jpg,11.084463663558163
image_1906.jpg,58.7965347812617
image_1907.jpg,55.081511418203945
image_1908.jpg,71.66219352307512
image_1909.jpg,4.173443281063577
image_191.jpg,28.172151103276935
image_1910.jpg,32.79579782736558
image_1911.jpg,8.86580850188142
image_1912.jpg,1.49946065558251
image_1913.jpg,55.448523360519395
image_1914.jpg,40.90086445602741
image_1915.jpg,41.45207589313077
image_1916.jpg,41.17554252207605
image_1917.jpg,44.02665267405555
image_1918.jpg,29.116136222995745
image_1919.jpg,5.433241073433645
image_192.jpg,38.02421708468296
image_1920.jpg,40.31696968286564
image_1921.jpg,35.78017824173477
image_1922.jpg,54.500238850916936
image_1923.jpg,45.086205740621914
image_1924.jpg,58.04543068196085
image_1925.jpg,30.535359155690458
image_1926.jpg,22.361558065659494
image_1927.jpg,69.6162185597583
image_1928.jpg,31.348952409719132
image_1929.jpg,30.354894507703182
image_193.jpg,37.22641888836406
image_1930.jpg,65.92226831088482
image_1931.jpg,17.255737339504474
image_1932.jpg,15.38691539264272
image_1933.jpg,65.42569945468765
image_1934.jpg,58.210105808375666
image_1935.jpg,30.551213821441966
image_1936.jpg,5.825184853720472
image_1937.jpg,56.907196628337964
image_1938.jpg,35.49759092620779
image_1939.jpg,71.72114492472741
image_194.jpg,4.60942373798945
image_1940.jpg,61.33380504346758
image_1941.jpg,10.525035529059949
image_1942.jpg,1.2820457459539678
image_1943.jpg,8.718204201432227
image_1944.jpg,57.09759125737281
image_1945.jpg,39.40327132419129
image_1946.jpg,31.037669885306684
image_1947.jpg,59.240150154045715
image_1948.jpg,45.86457876552629
image_1949.jpg,68.18978955829158
image_195.jpg,9.598989381979564
image_196.jpg,14.866293284481644
image_197.jpg,10.813780613227804
image_198.jpg,81.61969931983812
image_199.jpg,43.080016966108815
image_2.jpg,72.72765882376214
image_20.jpg,80.60943791914984
image_200.jpg,19.231452084680818
image_201.jpg,83.10683915283484
image_202.jpg,47.80115698618945
image_203.jpg,64.61181452081085
image_204.jpg,28.876840168429933
image_205.jpg,60.84095240639872
image_206.jpg,27.95120715637961
image_207.jpg,56.30566806494397
image_208.jpg,20.21944843371081
image_209.jpg,25.678393953809238
image_21.jpg,10.066517783877218
image_210.jpg,58.93245008300229
image_211.jpg,57.19909237106577
image_212.jpg,53.03627882971566
image_213.jpg,32.47589381625526
image_214.jpg,42.636335551449385
image_215.jpg,26.954136794738815
image_216.jpg,39.38722297008619
image_217.jpg,34.29043793090926
image_218.jpg,62.28610358997364
image_219.jpg,9.973187380584642
image_22.jpg,44.153933150874174
image_220.jpg,32.495697784851906
image_221.jpg,32.56201532807565
image_222.jpg,19.716003508379657
image_223.jpg,64.56465268782411
image_224.jpg,26.911947579848587
image_225.jpg,59.48940174163227
image_226.jpg,63.75495267803987
image_227.jpg,80.52837433339941
image_228.jpg,71.9057315631989
image_229.jpg,53.02464096332786
image_23.jpg,28.924946121653523
image_230.jpg,59.67090313277061
image_231.jpg,41.923563756658375
image_232.jpg,72.40542957586655
image_233.jpg,51.07663859229819
image_234.jpg,40.79553762995452
image_235.jpg,46.96536673867269
image_236.jpg,76.702147431866
image_237.jpg,64.82773404311234
image_238.jpg,29.062455387207137
image_239.jpg,7.0023721513832795
image_24.jpg,53.113639160427056
image_240.jpg,49.040243473015636
image_241.jpg,41.72269657164738
image_242.jpg,33.19119858012067
image_243.jpg,23.731276277349632
image_244.jpg,14.62700547019933
image_245.jpg,25.262801894716475
image_246.jpg,51.983369592764404
image_247.jpg,43.970984822166145
image_248.jpg,1.4360528277024354
image_249.jpg,37.524203653098695
image_25.jpg,62.48898430075152
image_250.jpg,48.903939861324936
image_251.jpg,24.18654786676119
image_252.jpg,6.819734710988283
image_253.jpg,34.16643421654499
image_254.jpg,19.050302108164658
image_255.jpg,52.92715620882365
image_256.jpg,13.600242301375454
image_257.jpg,38.08526384664859
image_258.jpg,53.748263371186844
image_259.jpg,71.96633754838034
image_26.jpg,31.45450490552834
image_260.jpg,44.59725623929711
image_261.jpg,29.342143865510323
image_262.jpg,27.65150835246992
image_263.jpg,24.0414105318638
image_264.jpg,26.964363478469796
image_265.jpg,56.13806694565876
image_266.jpg,49.392355380286595
image_267.jpg,6.154826541445279
image_268.jpg,25.44322979131635
image_269.jpg,58.10758453128839
image_27.jpg,6.847535080166175
image_270.jpg,11.582718673576439
image_271.jpg,4.73729783990363
image_272.jpg,58.48490429949826
image_273.jpg,36.6109784441446
image_274.jpg,71.23719741606553
image_275.jpg,23.657943731920273
image_276.jpg,34.49732632869246
image_277.jpg,25.36934161036731
image_278.jpg,20.086435161996107
image_279.jpg,39.774436759909186
image_28.jpg,11.959801795131012
image_280.jpg,46.72389407657486
image_281.jpg,56.80689179464352
image_282.jpg,11.043877133598132
image_283.jpg,33.40246202196544
image_284.jpg,66.08865543317293
image_285.jpg,44.310020160738496
image_286.jpg,26.701187735392022
image_287.jpg,20.20943035668687
image_288.jpg,64.67585940643606
image_289.jpg,36.96327356093828
image_29.jpg,23.500377793580316
image_290.jpg,53.5245265679446
image_291.jpg,26.893383459192847
image_292.jpg,1.6804354637301888
image_293.jpg,26.49213311368145
image_294.jpg,13.871120849075808
image_295.jpg,31.891320925435142
image_296.jpg,1.3644050172483564
image_297.jpg,41.61874897055049
image_298.jpg,19.49458170150371
image_299.jpg,26.859579988262
image_3.jpg,59.46759775327524
image_30.jpg,57.74559009482572
image_300.jpg,26.525861327123405
image_301.jpg,6.178804457769914
image_302.jpg,71.40494474652253
image_303.jpg,81.1677639628028
image_304.jpg,44.7768231374343
image_305.jpg,58.89129013817777
image_306.jpg,29.404105642036637
image_307.jpg,57.26913250688273
image_308.jpg,61.4167288347057
image_309.jpg,25.034952507402597
image_31.jpg,6.1563949767464266
image_310.jpg,7.722273940106295
image_311.jpg,31.216339712026226
image_312.jpg,32.48747878797089
image_313.jpg,44.70563711381331
image_314.jpg,63.704858823989326
image_315.jpg,26.984116412614668
image_316.jpg,37.07344170400565
image_317.jpg,67.01720548055064
image_318.jpg,9.299653210536448
image_319.jpg,73.53526475266115
image_32.jpg,64.9380767929086
image_320.jpg,47.345544346317205
image_321.jpg,59.27649303214152
image_322.jpg,62.73417455798079
image_323.jpg,36.798566705492
image_324.jpg,33.746363187668386
image_325.jpg,73.98526560297967
image_326.jpg,69.69872967139206
image_327.jpg,70.58684445240787
image_328.jpg,59.67564560372258
image_329.jpg,19.47915035991163
image_33.jpg,28.235339084422808
image_330.jpg,57.93430806445223
image_331.jpg,51.545279809500045
image_332.jpg,70.38520063167618
image_333.jpg,1.495012845981556
image_334.jpg,35.4315435870912
image_335.jpg,28.71997770057098
image_336.jpg,70.72834147179395
image_337.jpg,56.9440527071828
image_338.jpg,61.78497563729125
image_339.jpg,52.56334889299484
image_34.jpg,56.80686899554252
image_340.jpg,36.616103027765426
image_341.jpg,47.45076571001291
image_342.jpg,49.33000371120659
image_343.jpg,15.344925664568306
image_344.jpg,61.75020847387183
image_345.jpg,71.21949159327174
image_346.jpg,8.10974161933941
image_347.jpg,59.02357664988917
image_348.jpg,32.38602717724223
image_349.jpg,27.96907227622562
image_35.jpg,6.488476472310978
image_350.jpg,29.188927883770035
image_351.jpg,72.59020401797564
image_352.jpg,37.1312866455176
image_353.jpg,32.09077500385053
image_354.jpg,24.170707053137892
image_355.jpg,2.030367830631969
image_356.jpg,28.111980592629887
image_357.jpg,4.6200081135213535
image_358.jpg,31.974002035333267
image_359.jpg,73.62965864187119
image_36.jpg,27.9659963779153
image_360.jpg,23.018482743440913
image_361.jpg,39.288639927878
image_362.jpg,57.96452557057706
image_363.jpg,51.69829292493686
image_364.jpg,10.468972788631769
image_365.jpg,58.37981039312171
image_366.jpg,26.47962459031167
image_367.jpg,48.50540048161898
image_368.jpg,57.88326847571978
image_369.jpg,69.50699022292609
image_37.jpg,56.02755666916769
image_370.jpg,26.476975707619854
image_371.jpg,54.377050428606275
image_372.jpg,50.8194959073757
image_373.jpg,36.48710385180244
image_374.jpg,42.869712242105756
image_375.jpg,11.617948288396425
image_376.jpg,73.53727077069902
image_377.jpg,11.194373084595677
image_378.jpg,72.64496298444597
image_379.jpg,52.0040686319081
image_38.jpg,9.0289533085722
image_380.jpg,62.73847797510651
image_381.jpg,40.03990892710066
image_382.jpg,17.38243932090877
image_383.jpg,70.11984775682969
image_384.jpg,31.526630686461942
image_385.jpg,72.37886896910051
image_386.jpg,50.964779265697864
image_387.jpg,21.023270541625894
image_388.jpg,34.740662293101515
image_389.jpg,1.2551941513020803
image_39.jpg,25.110489455178183
image_390.jpg,30.67022556869777
image_391.jpg,17.802100401351215
image_392.jpg,9.474201446899329
image_393.jpg,28.984355116124423
image_394.jpg,5.282927543222321
image_395.jpg,7.244840292559677
image_396.jpg,32.71740460485879
image_397.jpg,17.74155652425595
image_398.jpg,15.389681622023948
image_399.jpg,40.50909182128431
image_4.jpg,34.09830916850789
image_40.jpg,75.17889685803526
image_400.jpg,60.03742366557483
image_401.jpg,56.365386681059995
image_402.jpg,30.99768326142757
image_403.jpg,50.06527186639451
image_404.jpg,64.88083199337642
image_405.jpg,33.053548198746476
image_406.jpg,30.814988053333526
image_407.jpg,3.4229916713907236
image_408.jpg,57.16756248548008
image_409.jpg,29.343635763422068
image_41.jpg,72.44851281723163
image_410.jpg,80.38666737440037
image_411.jpg,23.943692903258352
image_412.jpg,27.302980009598528
image_413.jpg,47.591510112633195
image_414.jpg,77.02274025009322
image_415.jpg,18.798156740421817
image_416.jpg,55.54579191957291
image_417.jpg,40.94311159818922
image_418.jpg,24.152285574481215
image_419.jpg,9.61260747956157
image_42.jpg,56.24857985811361
image_420.jpg,1.2469178852493883
image_421.jpg,4.9971840414974436
image_422.jpg,28.102478709300623
image_423.jpg,1.5412775525812326
image_424.jpg,72.70434536887466
image_425.jpg,5.214138150738196
image_426.jpg,68.5585505763079
image_427.jpg,25.49986512018104
image_428.jpg,42.764550035002934
image_429.jpg,23.707064035518883
image_43.jpg,62.073698100243014
image_430.jpg,25.701012438150656
image_431.jpg,24.365607305801003
image_432.jpg,72.44618253882105
image_433.jpg,31.352663696061587
image_434.jpg,81.34136050112059
image_435.jpg,26.06574424499232
image_436.jpg,74.02173186541238
image_437.jpg,26.391447995988305
image_438.jpg,65.1102238225145
image_439.jpg,12.08177297918155
image_44.jpg,48.306080393992296
image_440.jpg,30.301619195952735
image_441.jpg,32.27213134453043
image_442.jpg,33.43851359950106
image_443.jpg,21.65774686663598
image_444.jpg,56.7647886969254
image_445.jpg,24.142999892330437
image_446.jpg,10.327191074542043
image_447.jpg,64.8207638317323
image_448.jpg,27.41585462305513
image_449.jpg,60.2842963820196
image_45.jpg,65.0867005274926
image_450.jpg,57.57320823824033
image_451.jpg,39.48824796166969
image_452.jpg,68.42439415735991
image_453.jpg,16.206368314494075
image_454.jpg,44.07442114126428
image_455.jpg,29.10351226993542
image_456.jpg,37.4110074550349
image_457.jpg,30.041409692581507
image_458.jpg,39.09454480762949
image_459.jpg,1.3659874597385269
image_46.jpg,21.199915524720474
image_460.jpg,31.432750027093576
image_461.jpg,31.421312914892244
image_462.jpg,59.95007225118568
image_463.jpg,12.076149793780479
image_464.jpg,2.1592019208768085
image_465.jpg,77.97444844202839
image_466.jpg,47.145572484170394
image_467.jpg,81.64248013866798
image_468.jpg,61.06308063428403
image_469.jpg,41.25099486412285
image_47.jpg,72.9749828959699
image_470.jpg,25.133267162869373
image_471.jpg,28.613741595766793
image_472.jpg,47.47065777824914
image_473.jpg,17.567374275705788
image_474.jpg,49.70072424890529
image_475.jpg,25.138380598051953
image_476.jpg,78.3002918054293
image_477.jpg,24.44612057898423
image_478.jpg,1.5332357760485635
image_479.jpg,1.3888239434692575
image_48.jpg,24.689104275137534
image_480.jpg,46.42520282079889
image_481.jpg,32.0114774515807
image_482.jpg,62.703784895597046
image_483.jpg,22.30616417515215
image_484.jpg,7.262641192839271
image_485.jpg,62.5301875678202
image_486.jpg,44.511242719794446
image_487.jpg,8.075881402211046
image_488.jpg,40.10485692252656
image_489.jpg,65.32841283886304
image_49.jpg,3.7106303340128974
image_490.jpg,13.589945274787922
image_491.jpg,60.62678108388931
image_492.jpg,75.27364971016853
image_493.jpg,73.82430576781057
image_494.jpg,13.806295511764821
image_495.jpg,54.83303294661592
image_496.jpg,33.033986297588434
image_497.jpg,16.22762315028589
image_498.jpg,21.689871296325062
image_499.jpg,43.955162966154944
image_5.jpg,66.13327221468957
image_50.jpg,50.61053473314285
image_500.jpg,4.371531172547283
image_501.jpg,73.71588489246295
image_502.jpg,83.82814563891381
image_503.jpg,42.09874929000732
image_504.jpg,33.1637865393944
image_505.jpg,61.435312539256074
image_506.jpg,31.692594961006762
image_507.jpg,10.870110386522938
image_508.jpg,40.82237945902062
image_509.jpg,49.647345691306434
image_51.jpg,26.53725210894199
image_510.jpg,81.61737624112472
image_511.jpg,19.96162685788933
image_512.jpg,48.65711668896063
image_513.jpg,1.0982866586064735
image_514.jpg,24.976345507418742
image_515.jpg,17.865476361574157
image_516.jpg,57.486009043963065
image_517.jpg,21.426308328542007
image_518.jpg,4.339909975677375
image_519.jpg,66.23591023195064
image_52.jpg,26.75015349772602
image_520.jpg,1.4101132147523003
image_521.jpg,3.7363450320427467
image_522.jpg,81.35610008747301
image_523.jpg,62.58184481156041
image_524.jpg,29.642728236051326
image_525.jpg,29.78512220782912
image_526.jpg,13.732075641964705
image_527.jpg,61.11042690797509
image_528.jpg,42.35842094275299
image_529.jpg,39.786102492383
image_53.jpg,36.52541124621248
image_530.jpg,76.79380385725597
image_531.jpg,56.69200619661464
image_532.jpg,46.39542000874231
image_533.jpg,15.477578219169942
image_534.jpg,32.44155118979312
image_535.jpg,54.629237041470525
image_536.jpg,31.36877713039782
image_537.jpg,43.6362898015068
image_538.jpg,33.09213169351644
image_539.jpg,49.37080271272118
image_54.jpg,6.9222467564228625
image_540.jpg,48.84989732976856
image_541.jpg,64.89765151081154
image_542.jpg,9.542106228103279
image_543.jpg,44.70679646668875
image_544.jpg,61.18325889551667
image_545.jpg,6.600876049301969
image_546.jpg,72.80112137125097
image_547.jpg,24.458104739009713
image_548.jpg,11.429617733059663
image_549.jpg,33.16332438026016
image_55.jpg,33.112149515381496
image_550.jpg,81.19248325823467
image_551.jpg,75.4799783361684
image_552.jpg,32.62508016452862
image_553.jpg,37.65278057633545
image_554.jpg,47.750489690341794
image_555.jpg,80.51294306435851
image_556.jpg,3.0103334371511132
image_557.jpg,69.28889078232265
image_558.jpg,42.72209372057034
image_559.jpg,64.38430255611688
image_56.jpg,49.07025606548351
image_560.jpg,53.43259487519797
image_561.jpg,50.584716602269
image_562.jpg,26.604651152039747
image_563.jpg,60.1221513843582
image_564.jpg,7.585787953175692
image_565.jpg,52.91626433497921
image_566.jpg,17.317098740833032
image_567.jpg,67.81302192282969
image_568.jpg,37.83372097327684
image_569.jpg,2.440975331288634
image_57.jpg,28.091703983368813
image_570.jpg,15.668067880644685
image_571.jpg,26.72402958103414
image_572.jpg,54.54890796223075
image_573.jpg,25.82272762212803
image_574.jpg,57.87258783447539
image_575.jpg,31.590421825307207
image_576.jpg,42.921887605079554
image_577.jpg,40.100770699191884
image_578.jpg,48.039537892225816
image_579.jpg,79.80852555256446
image_58.jpg,8.285011149956448
image_580.jpg,77.04192313571964
image_581.jpg,37.11870925667367
image_582.jpg,76.2528584769823
image_583.jpg,11.623429887407484
image_584.jpg,62.087849700765474
image_585.jpg,30.4255813810381
image_586.jpg,50.11173380095679
image_587.jpg,49.9766300749559
image_588.jpg,60.96550655316104
image_589.jpg,54.96094610305864
image_59.jpg,53.75612262778918
image_590.jpg,21.090804866819195
image_591.jpg,54.56247709848844
image_592.jpg,68.8734544259956
image_593.jpg,29.283423615433918
image_594.jpg,71.51107050583835
image_595.jpg,27.752218828289653
image_596.jpg,48.53860254882974
image_597.jpg,54.051196778077546
image_598.jpg,62.18230437260902
image_599.jpg,70.73711742766375
image_6.jpg,16.079860339120263
image_60.jpg,38.83290044704801
image_600.jpg,39.09300928074748
image_601.jpg,24.92267059536088
image_602.jpg,65.92032973854627
image_603.jpg,68.35217715909972
image_604.jpg,56.41706141467504
image_605.jpg,48.47920749954594
image_606.jpg,9.31599689433343
image_607.jpg,49.8075878720256
image_608.jpg,43.95550020662117
image_609.jpg,33.58793971180919
image_61.jpg,41.69137422754586
image_610.jpg,32.0202218070665
image_611.jpg,56.56075824532645
image_612.jpg,12.43610616772011
image_613.jpg,68.36524644609693
image_614.jpg,36.638753127598676
image_615.jpg,52.107613635068454
image_616.jpg,46.58850200732693
image_617.jpg,60.47286947980945
image_618.jpg,56.685303467369316
image_619.jpg,35.658634303756976
image_62.jpg,11.910385731111406
image_620.jpg,10.138533363885388
image_621.jpg,32.84850480794541
image_622.jpg,24.66127959129895
image_623.jpg,9.928308727595612
image_624.jpg,10.343133980808974
image_625.jpg,70.27974815849582
image_626.jpg,1.1073991345681975
image_627.jpg,64.89583921510763
image_628.jpg,8.721343752275935
image_629.jpg,36.631073784892884
image_63.jpg,55.899586058353556
image_630.jpg,57.126780089607536
image_631.jpg,1.5638302272456812
image_632.jpg,24.507801269242123
image_633.jpg,38.36090181128591
image_634.jpg,22.22968520906386
image_635.jpg,22.42722366900377
image_636.jpg,31.627163477785512
image_637.jpg,25.213794940508638
image_638.jpg,52.162730171170914
image_639.jpg,37.787610752787
image_64.jpg,27.777099450994115
image_640.jpg,38.65239958251247
image_641.jpg,26.55677631248022
image_642.jpg,34.14934519194567
image_643.jpg,1.6222584345957667
image_644.jpg,11.867333604688284
image_645.jpg,67.37050564154153
image_646.jpg,75.28450718313154
image_647.jpg,80.25109069403305
image_648.jpg,25.621222935527282
image_649.jpg,25.651016243770215
image_65.jpg,16.241943004244067
image_650.jpg,3.208662390056522
image_651.jpg,42.51769738075544
image_652.jpg,56.92261758438079
image_653.jpg,34.031964815447026
image_654.jpg,6.111722394708617
image_655.jpg,41.05560669046762
image_656.jpg,49.95524315563438
image_657.jpg,61.84270372149475
image_658.jpg,38.86367166342391
image_659.jpg,3.041474908195726
image_66.jpg,62.60443934974603
image_660.jpg,6.589515242219754
image_661.jpg,70.44476972880761
image_662.jpg,25.11582520556256
image_663.jpg,22.97931485138837
image_664.jpg,25.277969280189467
image_665.jpg,25.404752280120405
image_666.jpg,16.643224079257525
image_667.jpg,63.89179781776275
image_668.jpg,54.71426232871341
image_669.jpg,44.67733807940269
image_67.jpg,26.172887804325033
image_670.jpg,24.112511816845725
image_671.jpg,29.72856310974483
image_672.jpg,32.323381731017655
image_673.jpg,59.138660685287164
image_674.jpg,68.57254775931013
image_675.jpg,2.7659214565980554
image_676.jpg,15.03649128522501
image_677.jpg,84.12131431709723
image_678.jpg,57.96246713514239
image_679.jpg,17.07207053352574
image_68.jpg,64.79202462962341
image_680.jpg,15.483709280728057
image_681.jpg,33.487413803505426
image_682.jpg,39.95596270476952
image_683.jpg,61.17578160439212
image_684.jpg,37.52747559166107
image_685.jpg,51.41643155808031
image_686.jpg,65.42309641523629
image_687.jpg,31.334711562758184
image_688.jpg,39.52578014152655
image_689.jpg,55.63344310429196
image_69.jpg,27.982459831194813
image_690.jpg,40.458950949614355
image_691.jpg,14.814854087348989
image_692.jpg,60.38168768025716
image_693.jpg,64.22046896801274
image_694.jpg,31.373472161687825
image_695.jpg,5.819112924628773
image_696.jpg,46.059166943360815
image_697.jpg,31.305948341461185
image_698.jpg,82.72404679483968
image_699.jpg,59.48547702874273
image_7.jpg,58.97778115701748
image_70.jpg,9.247560616260415
image_700.jpg,6.366306239229499
image_701.jpg,24.62308890221047
image_702.jpg,24.859207623106794
image_703.jpg,49.73724993657557
image_704.jpg,34.790710989673805
image_705.jpg,74.38106340358293
image_706.jpg,29.54393628530076
image_707.jpg,3.7947868220590166
image_708.jpg,20.9075184698985
image_709.jpg,9.141938448239019
image_71.jpg,37.186362422672815
image_710.jpg,14.705454217319224
image_711.jpg,70.3848501893031
image_712.jpg,58.265192995755115
image_713.jpg,43.11101136388726
image_714.jpg,56.46706259032294
image_715.jpg,59.927093856301134
image_716.jpg,7.156742006964575
image_717.jpg,63.803403371240506
image_718.jpg,24.46897105613401
image_719.jpg,25.617065464120767
image_72.jpg,24.559435346227648
image_720.jpg,57.669242657382334
image_721.jpg,58.379668146352195
image_722.jpg,11.633461832184372
image_723.jpg,44.93952790648418
image_724.jpg,32.29953474013367
image_725.jpg,32.79730146435608
image_726.jpg,30.332805710428065
image_727.jpg,48.26610881612347
image_728.jpg,43.59726006574106
image_729.jpg,18.364622295580013
image_73.jpg,60.9719203386162
image_730.jpg,30.29675785399159
image_731.jpg,60.51193943046311
image_732.jpg,19.130602875208496
image_733.jpg,29.296327645493236
image_734.jpg,78.83950683024938
image_735.jpg,24.98758476974592
image_736.jpg,35.3444711930352
image_737.jpg,22.744998378551426
image_738.jpg,28.351938097929775
image_739.jpg,69.43416611808986
image_74.jpg,12.15692262956768
image_740.jpg,37.65006371447617
image_741.jpg,3.5392696932421615
image_742.jpg,56.07840092973773
image_743.jpg,46.55100515682971
image_744.jpg,35.45996106026968
image_745.jpg,61.59458956407834
image_746.jpg,22.40842118598611
image_747.jpg,59.16849214961815
image_748.jpg,12.159490053171394
image_749.jpg,52.94582087830602
image_75.jpg,2.0529055296146503
image_750.jpg,21.90872101644075
image_751.jpg,5.195732092207251
image_752.jpg,29.363680186400448
image_753.jpg,26.02394687845131
image_754.jpg,36.470935338916526
image_755.jpg,75.40078875545402
image_756.jpg,53.468810689798936
image_757.jpg,10.57578814420444
image_758.jpg,40.827503242115796
image_759.jpg,25.806184682607398
image_76.jpg,61.29085338341954
image_760.jpg,42.70305093569478
image_761.jpg,42.20418731401916
image_762.jpg,48.67220114683607
image_763.jpg,67.37486201833156
image_764.jpg,27.559742422581213
image_765.jpg,57.62947714315977
image_766.jpg,39.79805566168759
image_767.jpg,45.04649851180906
image_768.jpg,36.854823443114086
image_769.jpg,72.87110633848899
image_77.jpg,6.711737669962948
image_770.jpg,52.2015914942755
image_771.jpg,8.443220668055837
image_772.jpg,77.33232009665052
image_773.jpg,25.06373182690343
image_774.jpg,44.94401754119365
image_775.jpg,46.60923591665652
image_776.jpg,22.077042838055092
image_777.jpg,57.15916679282702
image_778.jpg,12.418216753597562
image_779.jpg,51.893452901603304
image_78.jpg,87.52361790692954
image_780.jpg,29.40696945359866
image_781.jpg,24.43638908289607
image_782.jpg,20.671937749518964
image_783.jpg,1.164060873290983
image_784.jpg,33.444065621638906
image_785.jpg,55.17755762880731
image_786.jpg,53.69933437046789
image_787.jpg,65.24632017767131
image_788.jpg,76.53939628419117
image_789.jpg,66.81739809813688
image_79.jpg,41.44107173541289
image_790.jpg,40.38489589825224
image_791.jpg,45.07910904992508
image_792.jpg,26.776212464973238
image_793.jpg,30.02331969982518
image_794.jpg,4.068427789408811
image_795.jpg,0.8413108537411323
image_796.jpg,27.72443152221983
image_797.jpg,82.14310696526822
image_798.jpg,57.04300940650094
image_799.jpg,13.158225058635834
image_8.jpg,32.71201531928253
image_80.jpg,24.550865183959917
image_800.jpg,65.34397307986131
image_801.jpg,52.23284654711714
image_802.jpg,59.52079656600903
image_803.jpg,31.856327402495122
image_804.jpg,27.614736137081806
image_805.jpg,30.08422018932667
image_806.jpg,20.237815786601175
image_807.jpg,34.96338616429326
image_808.jpg,69.60693187652465
image_809.jpg,71.27798303970803
image_81.jpg,72.47034328467738
image_810.jpg,4.477453365851228
image_811.jpg,54.4016767727386
image_812.jpg,58.86927009322329
image_813.jpg,8.613990275697155
image_814.jpg,34.78133030191358
image_815.jpg,11.713163468056225
image_816.jpg,30.942923005049995
image_817.jpg,38.375668456841815
image_818.jpg,64.75606397263314
image_819.jpg,72.25010634142883
image_82.jpg,57.73445307238663
image_820.jpg,23.611743641460837
image_821.jpg,50.39873036436011
image_822.jpg,10.993007502037775
image_823.jpg,56.168315968984196
image_824.jpg,44.75113948695792
image_825.jpg,11.33502265931282
image_826.jpg,60.69593829397022
image_827.jpg,43.674676561295136
image_828.jpg,43.93461454401365
image_829.jpg,33.51289105587679
image_83.jpg,18.09612510321198
image_830.jpg,2.234129480218217
image_831.jpg,2.10968983411374
image_832.jpg,24.1756886480827
image_833.jpg,1.387793106905318
image_834.jpg,80.81176558175177
image_835.jpg,9.882209939229783
image_836.jpg,26.340351579715417
image_837.jpg,5.5330163007058175
image_838.jpg,56.81697830834747
image_839.jpg,5.7332543588189395
image_84.jpg,56.965015445657514
image_840.jpg,5.54601855109901
image_841.jpg,53.76162102969513
image_842.jpg,22.387948710823775
image_843.jpg,70.61956736071086
image_844.jpg,38.10015660296707
image_845.jpg,16.976085043863367
image_846.jpg,1.720247857900759
image_847.jpg,1.6319502455211132
image_848.jpg,53.81673144962486
image_849.jpg,30.318707834223705
image_85.jpg,5.090644743508991
image_850.jpg,26.116427250055796
image_851.jpg,40.01229248248284
image_852.jpg,73.7446921996161
image_853.jpg,17.115842762456605
image_854.jpg,61.90419324571001
image_855.jpg,42.39581368068175
image_856.jpg,42.237270053181696
image_857.jpg,72.48272008915507
image_858.jpg,23.796066420078095
image_859.jpg,41.12220273472064
image_86.jpg,16.856409517197743
image_860.jpg,61.17578160439212
image_861.jpg,23.271920238849862
image_862.jpg,10.919508956610029
image_863.jpg,51.07373114801306
image_864.jpg,10.90542188493748
image_865.jpg,16.838873923962268
image_866.jpg,18.82936854775752
image_867.jpg,71.74392610304001
image_868.jpg,50.33124618329143
image_869.jpg,52.31174212563747
image_87.jpg,59.378035826408954
image_870.jpg,31.685698073150416
image_871.jpg,41.173147154280834
image_872.jpg,68.25086164759536
image_873.jpg,80.31537809599233
image_874.jpg,52.246527240793704
image_875.jpg,63.39747757350563
image_876.jpg,33.880621298422504
image_877.jpg,13.561136823704649
image_878.jpg,29.558756785223597
image_879.jpg,40.36039249911079
image_88.jpg,87.98823923760854
image_880.jpg,62.39805100721244
image_881.jpg,74.2277795317099
image_882.jpg,50.66452031644308
image_883.jpg,81.34633742530237
image_884.jpg,57.58504380643354
image_885.jpg,61.33071704181131
image_886.jpg,29.565695748533514
image_887.jpg,27.950908823036965
image_888.jpg,29.02811927779725
image_889.jpg,27.849158363332297
image_89.jpg,10.582523045891428
image_890.jpg,68.0992253539646
image_891.jpg,37.53583558609254
image_892.jpg,29.970546750589175
image_893.jpg,30.522371064876456
image_894.jpg,30.055381617222007
image_895.jpg,48.819031502407235
image_896.jpg,1.7448596114736195
image_897.jpg,32.113477188144934
image_898.jpg,53.750292055836724
image_899.jpg,58.27821958455604
image_9.jpg,10.079954804907864
image_90.jpg,48.17879225517444
image_900.jpg,25.583336058902898
image_901.jpg,23.93058872439616
image_902.jpg,55.86334878044997
image_903.jpg,45.096854085182066
image_904.jpg,48.97955925329875
image_905.jpg,43.006672350912616
image_906.jpg,52.84403901835386
image_907.jpg,27.938174672731083
image_908.jpg,32.674669450926665
image_909.jpg,32.37059929735919
image_91.jpg,71.74289760135444
image_910.jpg,55.69023971644873
image_911.jpg,29.675611688910607
image_912.jpg,62.374572477146664
image_913.jpg,29.468190649191623
image_914.jpg,49.73095434849776
image_915.jpg,51.50342226865834
image_916.jpg,37.280655058713684
image_917.jpg,62.344205483354905
image_918.jpg,27.92498971848249
image_919.jpg,67.44916402381168
image_92.jpg,70.98257604300449
image_920.jpg,45.8396666649681
image_921.jpg,23.854578436843664
image_922.jpg,29.250248512005953
image_923.jpg,31.715455194610968
image_924.jpg,38.48433974696863
image_925.jpg,49.417002962975026
image_926.jpg,52.49768449577092
image_927.jpg,32.216054608585864
image_928.jpg,82.26813866696149
image_929.jpg,63.14989143125072
image_93.jpg,10.405472698914506
image_930.jpg,10.600650818079396
image_931.jpg,26.465650935337752
image_932.jpg,27.883123619311075
image_933.jpg,69.38881932683717
image_934.jpg,25.067901721119103
image_935.jpg,10.100548863687706
image_936.jpg,59.249598994103586
image_937.jpg,79.12738437108341
image_938.jpg,53.51017866014286
image_939.jpg,43.45023196545549
image_94.jpg,24.883078755521705
image_940.jpg,13.528875606769828
image_941.jpg,36.11741619231141
image_942.jpg,1.0473615390858317
image_943.jpg,6.881590626843265
image_944.jpg,68.88708390539541
image_945.jpg,74.65468108998117
image_946.jpg,15.912877820665065
image_947.jpg,53.37465894347117
image_948.jpg,37.850177150836835
image_949.jpg,14.747434116319047
image_95.jpg,10.507267134604364
image_950.jpg,60.96499488643715
image_951.jpg,65.8288852734723
image_952.jpg,54.45955418872588
image_953.jpg,2.8261734721323912
image_954.jpg,1.973408458645321
image_955.jpg,55.90755465745687
image_956.jpg,40.603427839491474
image_957.jpg,55.864051164340914
image_958.jpg,27.23305073586059
image_959.jpg,6.053825107352732
image_96.jpg,1.597511979395281
image_960.jpg,37.23633016301904
image_961.jpg,60.361450542278625
image_962.jpg,25.78892624127623
image_963.jpg,62.09563053929612
image_964.jpg,2.282803678605267
image_965.jpg,5.561445738303128
image_966.jpg,21.147902523208284
image_967.jpg,53.79151142729979
image_968.jpg,41.47185576238541
image_969.jpg,26.513185035627014
image_97.jpg,27.524597311394558
image_970.jpg,10.906927135907338
image_971.jpg,7.1724010197383565
image_972.jpg,57.0970020103348
image_973.jpg,26.062321171763685
image_974.jpg,5.945078632133182
image_975.jpg,25.89478695551617
image_976.jpg,8.227533213577415
image_977.jpg,26.474819978682586
image_978.jpg,36.107395332894335
image_979.jpg,70.58629431845004
image_98.jpg,5.731047964362321
image_980.jpg,73.9197814132606
image_981.jpg,50.17459846749222
image_982.jpg,10.576544558020744
image_983.jpg,24.620966419221514
image_984.jpg,61.06492630313821
image_985.jpg,57.5948309510625
image_986.jpg,64.03945967444001
image_987.jpg,2.602593872710971
image_988.jpg,4.586082246168402
image_989.jpg,50.70244530796213
image_99.jpg,5.4923676771247045
image_990.jpg,36.71586589442418
image_991.jpg,55.91251481083392
image_992.jpg,23.01936760483419
image_993.jpg,66.78538360030235
image_994.jpg,55.73514351577748
image_995.jpg,1.1540014067400837
image_996.jpg,38.31134414754362
image_997.jpg,33.04030110505543
image_998.jpg,4.011581783951914
image_999.jpg,51.8129248910883
